first_name,last_name,email,password,org
John,Doe,john.doe@example.com,password123,typinggenie
Jane,Smith,jane.smith@example.com,password456,typinggenie
Alice,Johnson,alice.johnson@example.com,password789,typinggenie
Bob,Brown,bob.brown@example.com,password000,neutralfit
Charlie,White,charlie.white@example.com,password111,neutralfit
